Product URL,Product Name,Product Price,Rating,Number of Reviews
/Wesley-Milestone-Waterproof-Backpack-Business/dp/B084JGJ8PF/ref=ice_ac_b_dpb,Wesley Milestone 2.0 Casual Waterproof Laptop Backpack/Office Bag/School Bag/College Bag/Business Bag/Travel Backpack (Dimensions:13x18 inches) (Compatible with 39.62cm(15.6inch laptop) 30 L (Blue & black),₹550,4.3,"11,893"
/American-Tourister-AMT-SCH-02/dp/B07CJCGM1M,American Tourister Fizz Large Size 32 Ltrs Casual Backpack (BLACK),"₹1,199",4.0,"55,019"
/gp/bestsellers/luggage/2917436031/ref=sr_bs_2_2917436031_1,Skybags Brat Black 46 Cms Casual Backpack,₹669,4.1,"5,224"
/Half-Moon-Backpack-Luggage-Compartment/dp/B09VCLZ3K4,Half Moon Large 37L Laptop Bag Backpack for menं Women Boys and Girls Luggage Travel Bags with 17.3 inches Laptop Compartment & Rain Cover,₹849,3.9,"3,259"
/Half-Moon-Waterproof-Backpack-Students/dp/B085MHDJ93,"Half Moon 35 Ltrs Water Resistant 15.6 inch Laptop Bag for Men/Backpack for Men, Navy Blue | Office Bag for Men/Office Bag for Women with Padded Laptop Compartment | Rain Cover & Reflective Strips",₹649,3.9,"16,631"
/TRUE-HUMAN-Anti-Theft-backpack-charging/dp/B09QJ7ZF2Y,TRUE HUMAN EMPEROR® Anti-Theft backpack With USB charging Port Laptop bag/Office bag/college bag/travel bag with anti -theft back pocket (LEGEND),₹689,3.8,"2,331"
/Gear-Classic-Leather-Backpack-LBPCLSLTH0201/dp/B07G4F6XFH,Gear Classic 20L Faux Leather Water Resistant Anti Theft Laptop Bag/Backpack for Men/Women (Brown),₹987,4.4,"5,932"
/Gear-Black-Laptop-Backpack-LBPASPIRE0104/dp/B075MK4TXP,Gear Cello 30 Ltrs Black Laptop Backpack (LBPASPIRE0104),"₹1,125",4.4,"5,934"
/NORTH-ZONE-Waterproof-Backpack-Dimensions/dp/B0BS6QQZYN,NORTH ZONE Casual Waterproof Laptop Backpack/Office Bag/School Bag/College Bag/Business Bag/Travel Backpack (Dimensions:13x18 inches) (Compatible with 39.62cm(15.6inch laptop) 30 L,₹630,4.0,489
/gp/bestsellers/computers/1375464031/ref=sr_bs_9_1375464031_1,"American Tourister VALEX BLACK LAPTOP BACKPACK 28 Ltrs,Volume, LAPTOP COMPARTMENT, BOTTLE POCKET, FRONT ORGANIZER","₹1,299",4.3,596
/WILDHORN-Backpack-Compartment-Business-Stitching/dp/B09QL66G55,"WILDHORN 31L Laptop Backpack for Men/Women I Fits upto 15.6"" Laptop I Waterproof I Travel/Business/College Bookbags",₹599,4.0,"1,459"
/Wesley-Spartan-Hiking-Raincover-Organiser/dp/B098QFF5TJ,Wesley Spartan Unisex Travel Hiking Laptop Bag fits Upto 17.3 inch with Raincover and Internal Organiser Backpack Rucksack College Bag,₹749,4.1,"1,569"
/NORTH-ZONE-Lightweight-Backpacks-Stylish/dp/B0BL3TVDK6,Northzone Lightweight school bags Backpacks for Boys Girls Stylish men and women Casual Travel Laptop Bag College office (Black) 40L,₹549,4.0,128
/gp/bestsellers/luggage/2917507031/ref=sr_bs_13_2917507031_1,Sfane Polyester 23cms Duffle/Shoulder/Gym Bag for Men & Women with Separate Shoe Compartment (Grey),₹387,4.3,"7,654"
/GEAR-Black-Blue-Backpack-years/dp/B019HA8AYG,Gear CarryOn 16L Foldable Water Resistant School Bag//Backpack/College Bag for Men/Women - Blue Black,₹229,3.7,"6,861"
/Wesley-Milestone-Waterproof-Backpack-Business/dp/B085S444JV,"Wesley Milestone 2.0 Casual Waterproof Laptop Backpack/Office Bag/School Bag/College Bag/Business Bag/Travel Backpack (Dimensions:13x18 inches) (Compatible with 39.62cm(15.6inch laptop) 30 L, Charcoal black",₹550,4.3,"11,893"
/SAFARI-Ltrs-Casual-Backpack-DAYPACKNEO15CBSEB/dp/B07Q7CNPMV,Safari Compact Size 15 Ltrs Casual Backpack For Unisex Adult - Sea Blue,₹248,4.0,"20,064"
/Lenovo-15-6-Inches-Everyday-Backpack/dp/B08R7RPVJF,"Lenovo 15.6"" (39.62cm) Slim Everyday Backpack, Made in India, Compact, Water-resistant, Organized storage:Laptop sleeve,tablet pocket,front workstation,2-side pockets,Padded adjustable shoulder straps",₹839,4.4,"3,756"
/TRUE-Emperor-Anti-Theft-backpack-charging/dp/B0BYB631NR,"TRUE HUMAN® Emperor Anti-Theft Pocket backpack With USB charging Port Laptop,office,college,travel bag for men and women(Epower)",₹680,3.6,188
/Half-Moon-Resistant-Backpack-Compartment/dp/B0BJ32LQ6X,Half Moon Large 37L Laptop Bag Backpack for menं Women Boys and Girls Luggage Travel Bags with 17.3 inches Laptop Compartment & Rain Cover,₹849,3.9,"3,259"
/Number-Backpack-Compartment-Charging-Organizer/dp/B09VTDMRY7,"FUR JADEN Anti Theft Number Lock Backpack Bag with 15.6 Inch Laptop Compartment, USB Charging Port & Organizer Pocket for Men Women Boys Girls",₹679,4.0,"4,966"
/Martucci-Casual-Travelling-Laptop-Backpack/dp/B088B4P6ZW,Martucci 15.6 inch 30 L Casual Waterproof Laptop Backpack/Office Bag/School Bag/College Bag/Business Bag/Unisex Travel Backpack(Black),₹549,3.9,"7,674"
/Arctic-Fox-Liters-String-Backpack/dp/B08L6Q9V1H,Arctic Fox 15 Liters Draw String Bag Lavender Backpack,₹229,4.3,"3,409"
/Number-Backpack-Compartment-Charging-Organizer/dp/B09VTCNN75,"FUR JADEN Anti Theft Number Lock Backpack Bag with 15.6 Inch Laptop Compartment, USB Charging Port & Organizer Pocket for Men Women Boys Girls",₹679,4.0,"4,966"
/FUR-JADEN-Leatherette-Polypropylene-DUFF05/dp/B07M9BRCQ5,Fur Jaden Brown Textured Leatherette Stylish & Spacious Weekender Duffle Bag for Travel,₹899,4.3,"6,303"
/Rucksack-Travel-Backpack-Trekking-Compartment/dp/B07YDGQQN5,"Fur Jaden 55 LTR Rucksack Travel Backpack Bag for Trekking, Hiking with Shoe Compartment",₹849,4.3,"5,486"
/NORTH-ZONE-Waterproof-Backpack-Dimensions/dp/B0BS6QM2GD,NORTH ZONE Casual Waterproof Laptop Backpack/Office Bag/School Bag/College Bag/Business Bag/Travel Backpack (Dimensions:13x18 inches) (Compatible with 39.62cm(15.6inch laptop) 30 L,₹630,4.0,489
/ZIPLINE-Polyester-Backpack-Children-Daypack/dp/B07XVMR33Q,Zipline Unisex casual polyester 36 L Backpack School Bag Women Men Boys Girls children Daypack College Bag Book School Sports Bag Weekend Bag,₹843,4.0,"6,127"
/FATMUG-Laptop-Bag-Men-Convertible/dp/B084LF4RT5,"FATMUG Laptop Bag For Men - Convertible Backpack For Office And Travel (Dark Grey,Oxford Fabric)","₹1,599",4.4,"2,185"
/School-school-partition-Collage-Backpack/dp/B09NNYCQ1Q,URBAN CARRIER School Bag For girls school bags for boys Class 5-10 Large 4 partition 45 L Laptop Collage Office Travel Unisex Backpack,₹431,3.5,975
/Half-Moon-Resistant-Backpack-Compartment/dp/B0BHX7GY16,Half Moon Large 37L Laptop Bag Backpack for menं Women Boys and Girls Luggage Travel Bags with 17.3 inches Laptop Compartment & Rain Cover,₹849,3.9,"3,259"
/Fur-Jaden-Black-Waterproof-Backpack/dp/B078GLXMDY,FUR JADEN Anti Theft Backpack 15.6 Inch Laptop Bag with USB Charging Port For Men Women Boys Girls,₹839,4.0,"13,810"
/American-Tourister-BACKPACK-COMPARTMENT-ORGANIZER/dp/B0BTD4FK9G,"American Tourister VALEX BLUE LAPTOP BACKPACK 28 Ltrs,Volume, LAPTOP COMPARTMENT, BOTTLE POCKET, FRONT ORGANIZER","₹1,399",4.2,535
/POLESTAR-Vintage-Laptop-Backpack-bagpack/dp/B081GSQ9D9,"POLESTAR Vintage 15.6 inch 32 LTR Casual Laptop Backpack/Office Bag/School Bag/College Bag/Business Bag/Unisex Backpack, Water Resistant and Light Weight, 1 year Warranty",₹549,3.9,"9,043"
/Arctic-Fox-Backpack-Charging-Laptop/dp/B089QBD333,Arctic Fox Slope Anti Theft 23 L Backpack with USB Charging Port 15 Inch Laptop Backpack (Marble Black),"₹1,439",4.5,"4,046"
/ADISA-Laptop-Backpack-Office-College/dp/B0BPTV3795,ADISA 32L Large Laptop Backpack Office Bag College Travel Back Pack with rain Cover (Black),₹646,3.8,266
/NORTH-ZONE-Lightweight-Backpacks-Stylish/dp/B0BL3SPN16,NORTH ZONE Lightweight school bags Backpacks for Boys Girls Stylish men and women Casual Travel Laptop Bag College office,₹630,3.9,845
/Backpack-Small-Black-Water-Repellant/dp/B088XB5XY8,"Mi Step Out 12 L Mini Backpack (Small Size, Black, Water Repellant)",₹389,4.1,"9,497"
/ADISA-Casual-Backpack-College-BP046-NAV_Navy/dp/B0BX3QFVSM,ADISA 31 Ltrs Casual Backpack School College Bag Pack,₹399,3.8,142
/STRABO-Cooper-Laptop-Bag-Capacity/dp/B0BX9SVT1D,"STRABO Cooper for Boys Girls Stylish Men and Women Casual 15"" inch 25L CANVAS Laptop BACKPACK | Office, College, Travel Bag",₹699,4.4,51
/Nivia-6853BKGR-Polyester-Black-Grey/dp/B07NLB6FRS,NIVIA Basic Duffle Polyester Bag/Gym Bags/Adjustable Shoulder Bag for Men/Duffle Gym Bags for Men/Fitness Bag/Carry Bags/Sports & Travel Bag/Sports Kit/Duffle Bags Travel,₹245,4.0,"3,702"
/ROZEN-partition-Collage-Backpack-SKYBLUE/dp/B0BRTFGG22,"ROZEN 47 Ltrs, 46 cms School Bag Class 5-12 Large 5 partition Laptop Collage Office Travel Backpack Unisex",₹697,4.1,160
/gp/bestsellers/luggage/ref=sr_bs_10_luggage_1,"Storite Dust & Rain Cover for Backpack with Pouch, Waterproof Dustproof Rain Cover Bag Elastic Adjustable for School, College,Office, Trekking Bags (30L-35L,Black)",₹199,4.5,28
/ADISA-Laptop-Backpack-Office-College/dp/B09TPX22NF,ADISA 15.6 inch Laptop Backpack Office Bag College Travel Back Pack 32 Ltrs (z-Navy Blue),₹549,3.9,"1,034"
/Wesley-Milestone-Waterproof-Backpack-Business/dp/B07K8KLB3P,"Wesley Unisex Milestone Casual Waterproof Laptop Office School College Business Travel Backpack 25 L (Dimensions: 12.5x18 inches) (Compatible with 15.6 inch laptops), Navy Blue",₹448,4.3,"13,107"
/ADISA-BP010-Weight-Casual-Backpack/dp/B07MXL986B,ADISA 32 Ltrs Water Resistant Casual Travel Bagpack/College Backpack/School Office Bag for Men and Women,₹499,4.0,"4,032"
/Safari-Laptop-Backpack-Resistant-Fabric/dp/B09B25Z8M2,Safari Quill Large Laptop Backpack 26 Ltrs Water Resistant Fabric - Black,₹899,3.9,977
/ADISA-Laptop-Backpack-Office-College/dp/B0BPVLXD53,ADISA 32L Large Laptop Backpack Office Bag College Travel Back Pack with rain Cover (Grey),₹699,3.8,266
/Safari-Backpack-Resistant-Polyester-Travelling/dp/B09B26VHXV,"Safari Flash Casual Backpack, 26 ltr Water Resistant Travel Bags| Weight Polyester Bagpack for Men and Women, Spacious Shoulder Bag for College, Office, Travelling and Camping",₹799,3.8,"2,996"
/Bagneeds-Synthetic-Leather-Briefcase-Messenger/dp/B0855F8174,Bagneeds Men's Black Synthetic Leather Briefcase Best Laptop Messenger Bag Satchel for Men,₹759,4.1,"4,507"
/COSMUS-Polyester-Multi-functional-Convertible-15-6-Inch/dp/B07D1R1K84,COSMUS Agility Convertible Backpack Messenger Bag Shoulder bag Laptop Case Handbag Business Briefcase Multi-functional Travel Bag Fits 15.6 Inch Laptop,"₹2,255",4.2,965
/gp/bestsellers/luggage/2917442031/ref=sr_bs_3_2917442031_1,DEIN KLEIDER Men's Nylon Messenger Bag,₹349,4.0,"5,156"
/LIBRA-Motorcycle-Backpack-Waterproof-Programmable/dp/B0C944JRPV,"LIBRA LED Motorcycle Hard Shell Backpack, Waterproof Backpack with Programmable and Color Screen, DIY Smart LED Display, Travel Backpack, Laptop Bag for Men","₹24,859",4.0,1
/LOOKMUSTER-Waterproof-Backpack-College-Business/dp/B0BZW8KW18,LOOKMUSTER (15.6 inch 30 L Casual Waterproof Laptop Backpack/Office Bag/School Bag/College Bag/Business Bag/Unisex Travel Backpack,₹439,3.9,34
/American-Tourister-AMT-SCH-BAG02/dp/B07CGLDV2C,American Tourister Casual Backpack,"₹1,249",4.2,"4,053"
/Zipline-Nexa-Resistant-Bagpack-Backpack/dp/B08WQ668WJ,Zipline Unisex Casual Polyester 36 L Backpack School Bag Women Men Boys Girls Children Daypack College Bag Book School Sports Bag,₹843,3.6,936
/Police-Polyester-laptop-casual-backpack/dp/B09CQ5T3LN,POLICE Backpack for Men Casual Laptop Bag Office/Travel/College 30 Ltr Hedge Polyester - Black,"₹1,399",4.1,"5,741"
/Cosmetic-Toiletry-Cosmetics-Brushes-Accessories/dp/B0C74Q2YWS,"RNTR® Cosmetic Pouch, Make up Bag for Home & Travel, Toiletry Bag for Cosmetics, Brushes, Accessories Set of 3 - Wash Bag - Light Pink and Black (Pink)",₹459,4.7,95
/Step-Backpack-Small-Water-Repellant/dp/B088XG77KN,"Mi Step Out 12 L Mini Backpack (Small Size, Red, Water Repellant)",₹319,4.1,"9,497"
/TYPIFY%C2%AE-Quality-Backpack-Designer-Spacious/dp/B082SZV6F1,"TYPIFY® Preppy Korean Ribbon Women Backpack College Bag, latest Girls. Gift for Her",₹899,4.1,789
/Gear-Vintage2-Leather-Backpack-LBPVG2LTH0501/dp/B07G4HH78P,Gear Vintage2 28L Faux Leather Water Resistant Anti Theft Laptop Bag/Backpack for Men/Women-Navy,₹979,4.4,"3,316"
/BennettTM-Mystic-Shoulder-Messenger-Repellent/dp/B09321GJXZ,Bennett™ Mystic 15.6 inch (39.6cm) Laptop Briefcase Shoulder Sling Office Business Professional Travel Messenger Bag for Men and Women Water Repellent Formal Executive Bags (Grey) 6 Months Warranty,₹512,4.0,"6,232"
/Asus-BP1504-15-6-inch-Laptop-Backpack/dp/B0895ZZHKK,Asus BP1504 39.62 cm (15.6-inch) Laptop Backpack (Dark Grey),₹819,4.2,"1,698"
/ADISA-BP004-Weight-Casual-Backpack/dp/B07G3CG9FC,ADISA Laptop Backpack 31 Ltrs,₹499,4.0,"8,978"
/Safari-Laptop-Backpack-Resistant-Fabric/dp/B09B28TKLG,Safari Quill Large Laptop Backpack 26 Ltrs Water Resistant Fabric - Blue,₹899,4.0,717
/F-Gear-Luxur-Brown-Backpack/dp/B01F7AX9ZA,F Gear Luxur Brown 25 liter Laptop Backpack (2404),"₹1,279",4.4,"16,985"
/Half-Moon-Backpack-Spacious-Multiple/dp/B0C23Z9W18,Half Moon Aztec 37L School Bag Class 5-12 | College Bagpack for Men/College Back pack for Women | 15.6 inch Laptop Bag for Men/Backpack for Men | Spacious & Multiple Pockets,₹649,3.6,164
/Quicknik-Duffle-Bags-Travel-Women/dp/B0BZ2ZWXYJ,Quicknik Bag Duffle Bags for Travel Women Luggage Bags for Travelling Large Capacity Folding Bag Lightweight Waterproof & Foldable Weekender Shoulder Bag with Dry & Wet Pocket Tote Handbag (Pink),₹399,3.5,100
/Lunars-V-Line-Resistant-Bagpack-College/dp/B08BP5CYDV,"Lunar's V-Line Backpack for Men, Blue | 35L Water Resistant School Bags for Boys | Stylish, & Durable | College Bags for Men/College Bag for Girls | 1 Yr Warranty",₹799,4.1,"2,635"
/Gear-Classic-Leather-Backpack-LBPCLSLTH0519/dp/B07G4JQX2F,Gear Cello Classic Anti Theft Faux Leather 20 Ltrs Navy Laptop Backpack (LBPCLSLTH0519),₹987,4.4,"6,502"
/FATMUG-Foldable-Luggage-Packing-Storage/dp/B07YFNXC3H,"FATMUG Polyester Foldable Duffle Travel Bag Luggage For Travel, Packing And Storage - Men And Women - (60 L, Black)","₹1,099",4.2,"1,417"
/Safari-Overnighter-Resistant-Polyester-Travelling/dp/B097JK3X9D,"Safari Crew Overnighter Backpack, 40 Ltr Water Resistant Travel Laptop Bag, Black Polyester Backpack for Men and Women, Spacious Shoulder Bag for Travelling and Camping","₹1,799",4.3,230
/TRUE-HUMAN-Anti-Theft-charging-combination/dp/B09H7PK5ML,TRUE HUMAN Anti-Theft and USB charging port backpack with security lock Laptop bag|office bag| for men and women (Grey),₹649,3.8,"1,863"
/Priority-Disney-Princess-Casual-Backpack/dp/B0849PHNG1,Priority Disney Snow White 20 litres Pink Polyester Kids School Bag | Casual Backpack for Girls (25156),₹349,3.9,"4,144"
/BEAUTY-GIRLS-HOTSHOT-School-1565/dp/B0BFXCHQZ5,"BEAUTY GIRLS By HOTSHOT Girls School Bag (15ltr , Navy Blue, 1565)",₹499,3.7,273
/Half-Moon-Trekking-Bags-Compartment/dp/B08PSX1LN9,Half Moon 45L Hammer Waterproof Laptop Travelling Rucksack Trekking Backpack for Travel Journey bags for Men Women Boys & Girls with 17.3inch Laptop Compartment & Rain cover,"₹1,349",4.1,"1,371"
/SELLER-ZONE-Waterproof-Cover-Backpack/dp/B0CBP94Y3Z,SELLER ZONE Waterproof Bag Cover for 10 Liter to 27 Liter Backpack Bags (Pack of 1) (Black),₹189,4.2,3
/Tabelito-Laptop-Backpack-15-6-inch-Repellent/dp/B08Y5S6C2P,"TABELITO Casual Laptop Backpack 15.6-inch, 25 LTR Water Repellent",₹549,4.0,683
/Frantic-Velvet-School-Nursery-Travelling/dp/B091757GK4,"Frantic Velvet Kids Soft Cartoon Animal Travelling School Bag Soft Plush Backpacks Baby Girls Boys for 2 to 5 Years Baby/Boys/Girls Nursery, Picnic,Preschool",₹309,3.8,"5,223"
/Half-Moon-Resistant-Backpack-Compartment/dp/B0BLVQ9NTD,Half Moon Strike 35L Unisex Spacious School/Laptop/College/Office Travel Backpack Bag for Men Women Boys & Girls with 15.6 inch Padded Laptop Compartment & Multiple Pockets,₹699,3.8,584
/Swisslook-Polyester-15-6-inch-Backpack-Waterproof/dp/B07XYTZP4Z,Red Lemon Swisslook Polyester Bange Series 45L 15.6-inch Laptop Bags Backpack for Men and Women Semi Waterproof USB with Anti Theft Pocket Travel Backpack,"₹2,839",4.3,"1,712"
/ROZEN-partition-Collage-Backpack-NAVYBLUE/dp/B0BRTDQH8L,"ROZEN 47 Ltrs, 46 cms School Bag Class 5-12 Large 5 partition Laptop Collage Office Travel Backpack Unisex",₹697,4.1,160
/TRUE-HUMAN-Multi-purpose-backpack-charging/dp/B0CCLKZ21R,"TRUE HUMAN EMPEROR®Multi-purpose backpack With USB charging Port Laptop,office,college,travel bag for men and women (WIZ)",₹599,Not rated,M.R.P: 
/Dynotrek-Sack-pack-Waterproof-Chromebook-DT02SCB/dp/B09DBVBYN4,"Dynotrek 13 14 Upto 15.6"" Inch Laptop Casual Sack-pack Rucksack Travel Backpack With USB Charging Port For Men & Women Waterproof Backpack Suitable for Chromebook DT02SCB",₹899,3.8,"1,163"
/Waterproof-Laptop-College-Backpack-Navy_Blue/dp/B0BW9BTJCZ,30 L Waterproof Laptop/College/School/Office Bag Backpack for Men Women Boys Girls with Rain Cover (Navy_Blue),₹486,4.6,6
/Sfane-Women-Trendy-Black-Duffel/dp/B07GCR84D9,"Sfane Polyester 9.05 Black Men & Women Trendy Black Sports Duffle Gym Bag, Shoulder Bag",₹327,4.2,"1,232"
/ADISA-BP005-Weight-Casual-Backpack/dp/B07F3X45WZ,ADISA Light Weight Laptop Backpack 32 Ltrs,₹475,4.0,"6,028"
/Killer-Galaxy-Outdoor-Backpack-Daypack/dp/B07JKPZVHN,KILLER Galaxy Small Outdoor Mini Backpack 12L Daypack,₹657,4.0,"4,665"
/TRUE-EMPEROR-charging-college-CAPTAIN/dp/B0C6HZDWRQ,"TRUE HUMAN® EMPEROR 15.6 inch laptop bag with USB charging port Laptop bag,office bag, college bags anti theft (CAPTAIN)",₹649,3.8,9
/Right-Choice-Stylish-College-Backpack/dp/B07ZVXDHCK,RIGHTCHOICE Quality Stylish Casual Backpack Daily use Unisex Typography College Bags (Boys and Girls),₹259,3.5,975
/Lavie-Sport-Duffle-Luggage-Wheeler/dp/B0992JCN1W,Lavie Sport Lino M Duffle Wheeler Bag for Travel | 2 Wheel Luggage Bag | Travel Bag with Adjustable Handle,₹749,3.8,"3,278"
/HEROZ-Hammer-Durable-Travel-Laptop/dp/B07MGDFT9C,HEROZ Hammer Unisex Nylon 45 L Travel Laptop Backpack Water Resistant Slim Durable Fits Up to 17.3 Inch Laptop Notebook (All) (Grey & Black),"₹1,499",4.2,"8,039"
/Wildcraft-Packs18-Laptop-Backpack-Streak/dp/B07FC4D9B5,Wildcraft Work Packs'18 21 Ltrs Black Laptop Backpack (Streak Plus),"₹1,374",4.4,"1,979"
/Safari-Casual-Backpack-Charging-Resistant/dp/B09B2581S9,"Safari Sneak Casual Backpack with USB Charging Port 26 Ltrs Water Resistant Fabric - Grey, L (SNEAK19CBGRE)",₹949,3.8,"1,022"
/AirCase-C34-Laptop-Backpack-Women/dp/B07QN4KXWG,"AirCase Laptop Bag Backpack Case Pouch for Laptop Backpack for Men & Women,Premium Vegan Leather",₹929,3.8,860
/MuscleBlaze-Duffle-Women-Sports-Weekender/dp/B0C8BBNB8B,"MuscleBlaze Gym Duffle Bag for Women and Men, Sports Bag, Weekender Bag, Black, 30 L",₹449,5.0,4
/POLESTAR-Ranker-Casual-Bagpack-Backpack/dp/B08421BRQ2,"POLESTAR Ranker 15.6 inch 32 LTR Casual Laptop Backpack/Office Bag/School Bag/College Bag/Business Bag/Unisex Backpack, Water Resistant and Light Weight, 1 year Warranty",₹669,4.1,"7,565"
/Gear-Colorado-Orange-Laptop-Backpack/dp/B097K6KD7W,F Gear Colorado Grey Orange 39 Ltrs Laptop Backpack (3814),"₹1,069",4.2,209
/AmazonBasics-Casual-Backpack-Office-15-6-inch/dp/B09W4VMZ79,AmazonBasics - Casual Backpack/Office Bag/ for a 15.6-inch Laptop,₹699,4.2,655
/Storite-Travel-Bag-Lightweight-GreenPink/dp/B0B3JBYZ8C,"Storite Nylon 46 Cm Imported Multi Purpose Travel Duffle Bag for Women with Dry and Wet Separate Pocket, Lightweight Waterproof Backpack Carry Luggage Bag with Shoe Compartment (GreenPink, 46x23x25 cm)","₹1,399",4.2,346
/Sprqcart-Travel-Shoulder-Weekender-Overnight/dp/B0C3RBGHCN,"Sprqcart Travel Duffel Bag, Sports Tote Gym Bag, Shoulder Weekender Overnight Bag for Women (Green)",₹474.05,4.3,24
/Genie-Clara-Backpack-Women-compartments/dp/B097JJGR1N,"Genie Clara Backpack for Women - 3 compartments, Laptop Bags for Girls, Stylish and Trendy College Backpacks for Girls, Water Resistant and Lightweight Bags for Office and Travelling Purpose.","₹1,279",4.4,195
/Half-Moon-Backpack-Spacious-Multiple/dp/B0C6N3MYL2,Half Moon Aztec 37L School Bag Class 5-12 | College Bagpack for Men/College Back pack for Women | 15.6 inch Laptop Bag for Men/Backpack for Men | Spacious & Multiple Pockets,₹649,3.6,164
/Gear-Expandable-RainCover-Grey-Black-TLPTURBO00401/dp/B097KDRZ67,Gear Turbo 45L Expandable Water Resistant Antitheft Laptop Bag/Backpack/Briefcase For Men/Women With Raincover (Grey),"₹1,932",4.4,"1,072"
/PAZZO-Alto-40L-Casual-Backpack/dp/B07VT3F795,"PAZZO Alto 40L Casual Backpack - 3 Compartment Travel Backpack, College|School Bag with 1 Year Warranty",₹849,4.0,"1,770"
/DIVULGE-Drawstring-Bag-Sports-Utility/dp/B07PXTDBH4,"DIVULGE Multi Utility Drawstring Bag (Black , 16 L)",₹155,4.0,"1,141"
/Genie-compartments-Lightweight-Travelling-Purpose-36/dp/B097JHSJTL,"Genie Lily Laptop Backpack for Women, 3 compartments, Stylish and Trendy College Bags for Girls, Water Resistant and Lightweight Bags for Office and Travelling Purpose.36 litres (19 inch) Black colour",₹899,5.0,1
/Fur-Jaden-resistant-Backpack-BM100_Brown/dp/B07P5X6NSN,FUR JADEN Vegan Leather 30L 15.6 Inch Laptop Backpack for Men Women for Office Professionals and College Students Brown,₹839,4.2,"2,323"
/AmazonBasics-Ltrs-Large-Duffel-Bag/dp/B01GGNW5AM,AmazonBasics Nylon 43 Cms Travel Duffle Bag (Red),₹699,4.3,"6,816"
/NORTH-ZONE-Lightweight-Backpacks-Stylish/dp/B0BL3S5NC1,NORTH ZONE Lightweight school bags Backpacks for Boys Girls Stylish men and women Casual Travel Laptop Bag College office,₹630,3.9,845
/Martucci-Waterproof-Backpack-College-Business/dp/B0BRJRVH6D,Martucci Jersey 45L Casual Waterproof Laptop Backpack/Office Bag/School Bag/College Bag/Business Bag/Unisex Travel Backpack,₹809,3.7,162
/Genie-Heartbeat-compartments-Lightweight-Travelling/dp/B097JJFF6Z,"Genie Heartbeat Backpack for Women 3 compartments, School Bags for Girls, Stylish and Trendy College Backpacks for Girls, Water Resistant and Lightweight Bags for Office and Travelling Purpose.",₹958,4.5,273
/Genie-Heartbeat-compartments-Lightweight-Travelling/dp/B097JJFF6Z,"Genie Heartbeat Backpack for Women 3 compartments, School Bags for Girls, Stylish and Trendy College Backpacks for Girls, Water Resistant and Lightweight Bags for Office and Travelling Purpose.",₹958,4.5,273
/Classic-Leather-Laptop-Backpack-LBPCLSLTH1901/dp/B07G4CYC74,Gear Classic 20L Faux Leather Water Resistant Anti Theft Laptop Bag/Backpack for Men/Women-Tan,₹979,4.4,"2,489"
/NORTH-ZONE-Lightweight-Backpacks-Stylish/dp/B0BL3S5NC1,NORTH ZONE Lightweight school bags Backpacks for Boys Girls Stylish men and women Casual Travel Laptop Bag College office,₹630,3.9,845
/Martucci-Waterproof-Backpack-College-Business/dp/B0BRJRVH6D,Martucci Jersey 45L Casual Waterproof Laptop Backpack/Office Bag/School Bag/College Bag/Business Bag/Unisex Travel Backpack,₹809,3.7,162
/WILDHORN-Backpack-Compartment-Business-Stitching/dp/B09QL81ZHB,"WILDHORN 31L Laptop Backpack for Men/Women I Fits upto 15.6"" Laptop I Waterproof I Travel/Business/College Bookbags",₹599,4.0,"1,459"
/ADISA-Laptop-Backpack-Office-College/dp/B0BPVCBFM7,ADISA 32L Large Laptop Backpack Office Bag College Travel Back Pack with rain Cover (Green),₹646,3.8,266
/Half-Moon-Laptop-Bag-Compartment/dp/B0C1NZLF67,Half Moon Valex Unisex School Bag/Laptop Backpack/College Bagpack/Office Back Packed | Laptop Bag for Men & Women | School Bags for Boys & Girls with Small Pockets & Laptop Compartment,₹649,3.6,70
/Storite-Leather-Sling-Coffee-Brown/dp/B0983N9GXN,"Storite Stylish Small PU Leather Sling Cross Body Travel Office One Side Shoulder Bag for Men Women (25 cm x 11 cm x 20 cm, Coffee Brown)",₹799,4.0,620
/Backpack-Business-Scratch-resistant-Multiple-Comfortable/dp/B0B6FNPN76,Arctic Hunter Backpack for Men Premium Business Backpack Office Travel Laptop Bag with 15.6 Inch Laptop Pocket Water/Scratch-resistant Multiple Pocket Comfortable and Padded Backpack for Men,"₹5,999",4.4,153
/Cosmus-Casual-Backpack-Charger-College/dp/B09HX54TGF,COSMUS Vogue Casual Laptop Backpack with USB Charger Port 46cm 26 Litre Maroon College Bag,"₹1,409",4.2,"1,413"
/ADISA-laptop-backpack-office-college/dp/B0C9WBM14V,ADISA 32L block laptop backpack office bag college travel back pack,₹499,5.0,3
/Mokobara-Transit-Backpack-Laptop-Sunray/dp/B09V7R98XC,"MOKOBARA The Transit Backpack - 30L Premium Nylon 15.6"" Unisex Laptop Bag With Luggage Sleeve","₹4,999",4.5,591
/F-Gear-Burner-Art-Lthr-Laptop-Backpack/dp/B085QWJVCZ,F Gear 22 Ltrs Burner Art Lthr Brown Laptop Backpack (3343),"₹1,049",4.3,371
/Bennett-15-6-inch-College-Repellent-Backpack/dp/B09WZHX3B1,"Bennett Casual Laptop Bag school bags for boys girls 15.6-inch, 25 LTR Office & College bags for mens Water Repellent Backpack for Men & Women (Black)",₹512,3.9,334
/DZert-School-Polyester-Backpack-White/dp/B07GXYHFCY,DZert Clasy Laptop Bag College Bag for Boys Girls 21 L Blue White,₹339,3.8,"2,502"
/Wildcraft-Polyester-Black-Laptop-8903338054290/dp/B012D4QKHW,Wildcraft 44 cms Polyester Black Laptop Bag (8903338054290),"₹1,448",4.3,677
/ADISA-Laptop-Backpack-College-z-Black/dp/B09TPY1G1W,ADISA 15.6 inch Laptop Backpack Office Bag College Travel Back Pack 32 Ltrs (z-Black),₹549,3.9,"1,034"
/STRAUSS-Jute-Yoga-Shoulder-Strap/dp/B0BBWM221J,"STRAUSS Yoga Mat Bag Cover with Shoulder Strap with Pocket for Men & Women, Drawstring and Full Zip,(Multicolor)",₹179,3.6,740
/Gear-Training-Travel-Duffel-DUFCRSTNG4314/dp/B098FG3GVX,Gear Polyester 23 Cms Travel Bag(DUFCRSTNG4314_Khaki),₹489,4.1,533
/Tabelito-NEO-Backpack-Business-Compartment/dp/B0C2D2GPWJ,"Tabelito® NEO 3O L Water Resistant Laptop/College/Office/School/Travel/Business Bag, Unisex Backpack for Men Women Fits Up to 15.6 Inch Laptop Notebook.",₹399,3.9,114
/Gear-Classic-Leather-Backpack-LBPCLSLTH0519/dp/B07G4JQX2F,Gear Cello Classic Anti Theft Faux Leather 20 Ltrs Navy Laptop Backpack (LBPCLSLTH0519),₹987,4.4,"6,502"
/Lenovo-Carrying-15-6-Inch-Toploader-GX40Q17230/dp/B075Y8294N,Lenovo 15.6-inch Casual Laptop Briefcase T210,₹979,4.3,"4,337"
/Backpack-Business-Scratch-resistant-Multiple-Comfortable/dp/B0B6FNPN76,Arctic Hunter Backpack for Men Premium Business Backpack Office Travel Laptop Bag with 15.6 Inch Laptop Pocket Water/Scratch-resistant Multiple Pocket Comfortable and Padded Backpack for Men,"₹5,999",4.4,153
/Puma-Black-Laptop-Backpack-7573301/dp/B07JHJCZSM,PUMA 26 Ltrs Puma Black Laptop Backpack,"₹1,239",3.8,89
/Veneer-Backpack-Fashion-Leather-College/dp/B09BMG8R6Y,"Veneer Medium 20 L Laptop Backpack Men Womens Girls Fashion PU Leather Mini Casual Backpack Bags for School, College, Tuition, Office Bag",₹998,4.2,930
/Mokobara-Transit-Backpack-Laptop-Sunray/dp/B09V7R98XC,"MOKOBARA The Transit Backpack - 30L Premium Nylon 15.6"" Unisex Laptop Bag With Luggage Sleeve","₹4,999",4.5,591
/EUME-Virgo-29Ltr-Laptop-Backpack/dp/B08R563J3T,"EUME Virgo 3 Compartment Office and College Bags, Polyester Casual Daypacks, Laptop Backpacks","₹1,199",4.2,298
/SFANE-Polyester-Shoulder-Separate-Compartment/dp/B08KG7J7L5,"SFANE Polyester Red Duffel Gym Bag, Shoulder Bag, Sports Bag for Men & Women with Separate Shoe Compartment (Black) (Red) Set Of 1",₹387,4.3,338
/Amazon-Basics-Anti-theft-College-Backpack/dp/B0C8NWKRRH,"Amazon Basics Slope Basics Black Anti-theft 15.6 inches Laptop Bag, Office/College Backpack",₹869,4.5,212
/House-Quirk-Maternity-Backpack-Elephant/dp/B07QV7SH4S,House of Quirk Baby Diaper Bag Maternity Backpack (Blue Elephant Printed),"₹1,399",4.3,"3,918"
/Wildcraft-Typo_Blu-Casual-Backpack-11619-Typo_Blu/dp/B079DDV3JD,Wildcraft 35 Ltrs Casual Backpack (11619-Blue),"₹1,295",4.2,234
/Safari-Sheild-Resistant-Casual-Backpack/dp/B09B28M2RN,Safari Sheild 26 Ltrs Water Resistant Casual Backpack - (SHEILD19CBBLK),₹699,4.1,541
/Number-Backpack-Compartment-Charging-Organizer/dp/B09VTC876Z,"FUR JADEN Anti Theft Number Lock Backpack Bag with 15.6 Inch Laptop Compartment, USB Charging Port & Organizer Pocket for Men Women Boys Girls",₹670,4.0,"4,966"
/Bennett-15-6-inch-College-Repellent-Backpack/dp/B09WZKHSDR,"Bennett Casual Laptop Bag School Bags for Boys Girls 15.6-inch, 25 LTR Office & College bags for Mens Water Repellent Backpack for Men & Women (GREY)",₹512,3.8,170
/Half-Moon-Waterproof-Laptop-Backpack/dp/B09QM9N1B3,Half Moon 30L Waterproof 15.6 inch Laptop Office School College Bag Backpack for Men Women Boys & Girls,₹589,3.6,377
/AUXTER-BLACKY-Duffel-Emboss-Black/dp/B07F2H25NP,AUXTER Faux Leather 23 Cms Duffle Bag(AUX_GB_LE_Black -SE__0521_Black),₹429,4.3,"9,249"
/Waterproof-Backpack-Students-adjustable-Compartment/dp/B09V5HRYR7,CAPRIFF 32 L Casual Waterproof Laptop Bag/Backpack for Men Boys & Girls For Office School College Teens & Students with Rain Cover With adjustable Strap With 2 Compartment,₹699,3.8,"3,104"
/Wildcraft-Typo_Blu-Casual-Backpack-11619-Typo_Blu/dp/B079DDV3JD,Wildcraft 35 Ltrs Casual Backpack (11619-Blue),"₹1,295",4.2,234
/Chic-Buddy-Waterproof-Swimsuits-Toiletries/dp/B09KSBHC18,"Chic Buddy Waterproof Wet Bag, Washable, Reusable for Travel, Beach, Pool, Stroller, Diapers, Dirty Gym Clothes, Wet Swimsuits, Toiletries",₹299,4.4,386
/gp/bestsellers/shoes/1983352031/ref=sr_bs_7_1983352031_1,INOVERA (LABEL) Women Handbags Shoulder Hobo Bag Purse With Long Strap,"₹1,299",4.1,"8,317"
/Storite-Army-Print-Sling-GreenGrey/dp/B09KNMWWPH,"Storite Small Size Army Print Padded Nylon Cross Body Sling bag Office Travel One Side Bag for Men Women (25x19x7cm, GreenGrey)",₹395,4.1,482
/Derben-Fabric-Leather-Laptop-Messenger/dp/B08TVL3MWJ,"DERBEN CLOVE® 15.6 Men and Women Laptop, MacBook Shoulder Messenger Sling Office Bag - Grey",₹899,4.1,157
/Wildcraft-Green-Casual-Backpack-11650-Green/dp/B079DV66TY,Wildcraft 29.5 Ltrs Green Casual Backpack (11650-Green),"₹1,038",4.1,393
/TAGUDA-foldable-portable-lightweight-organizer/dp/B0B8CSC4F1,TAGUDA travel foldable portable lightweight luggage storage duffle tote hand organizer easy carry bags backpack set for men women travel luggage (Mint Green Travel bag),₹299,3.5,86
/FATMUG-Laptop-Bag-Men-Convertible/dp/B084LFS4G1,FATMUG Laptop Bag For Men - Convertible Backpack For Office And Travel (Navy Blue Oxford Fabric),"₹1,599",4.4,"2,185"
/Wildcraft-Turnaround-Polyester-Laptop-8903338054702/dp/B012D51GXO,Wildcraft Turnaround Polyester 35 Ltrs Blue Laptop Bag (8903338054702),"₹1,840.10",4.3,"1,208"
/Tabelito%C2%AE-Delta-Waterproof-Backpack-Compatible/dp/B0BLK1Z7DQ,"Tabelito® DELTA Casual Waterproof Laptop Backpack/Office Bag/School Bag/College Bag/Business Bag/Unisex Travel Backpack (Compatible with 15.6 inch Laptop) 30 L, (6 Month Warranty)",₹599,4.5,192
/Capriff-Liters-Collage-travell-Backpack/dp/B084T7X2HX,CAPRIFF 32 L Casual Waterproof Laptop Bag/Backpack for Men Boys & Girls For Office School College Teens & Students with Rain Cover With adjustable Strap With 2 Compartment,₹539,3.8,"3,104"
/Derben-Fabric-Leather-Laptop-Messenger/dp/B08TVL3MWJ,"DERBEN CLOVE® 15.6 Men and Women Laptop, MacBook Shoulder Messenger Sling Office Bag - Grey",₹899,4.1,157
/Wildcraft-Green-Casual-Backpack-11650-Green/dp/B079DV66TY,Wildcraft 29.5 Ltrs Green Casual Backpack (11650-Green),"₹1,038",4.1,393
/TAGUDA-foldable-portable-lightweight-organizer/dp/B0B8CSC4F1,TAGUDA travel foldable portable lightweight luggage storage duffle tote hand organizer easy carry bags backpack set for men women travel luggage (Mint Green Travel bag),₹299,3.5,86
/FATMUG-Laptop-Bag-Men-Convertible/dp/B084LFS4G1,FATMUG Laptop Bag For Men - Convertible Backpack For Office And Travel (Navy Blue Oxford Fabric),"₹1,599",4.4,"2,185"
/Wildcraft-Turnaround-Polyester-Laptop-8903338054702/dp/B012D51GXO,Wildcraft Turnaround Polyester 35 Ltrs Blue Laptop Bag (8903338054702),"₹1,840.10",4.3,"1,208"
/Tabelito%C2%AE-Delta-Waterproof-Backpack-Compatible/dp/B0BLK1Z7DQ,"Tabelito® DELTA Casual Waterproof Laptop Backpack/Office Bag/School Bag/College Bag/Business Bag/Unisex Travel Backpack (Compatible with 15.6 inch Laptop) 30 L, (6 Month Warranty)",₹599,4.5,192
/Capriff-Liters-Collage-travell-Backpack/dp/B084T7X2HX,CAPRIFF 32 L Casual Waterproof Laptop Bag/Backpack for Men Boys & Girls For Office School College Teens & Students with Rain Cover With adjustable Strap With 2 Compartment,₹539,3.8,"3,104"
/Impulse-Impbee-Backpack-Business-Resistant/dp/B0C1CSS81H,Impulse Impbee 45L Laptop Backpack/Office Bag/School Bag/College Bag/Business Bag/Travel Backpack Water Resistant Fits Up to 16 Inch Laptop with Rain Cover & 1 Year Warranty,₹881,4.3,8
/Crossbody-Adjustable-Durable-Water-Resistant-Travel-Friendly/dp/B0C3RC1ZG2,"Amazon Basics Sling Bag/Crossbody Bag with Adjustable Strap for Daily and Travel Use, Durable, Water-Resistant, Travel-Friendly (Unisex, Blue)",₹349,4.7,988
/OMRON-BAGS-Backpack-Charging-Resistant/dp/B098LVQRSL,"OMRON BAGS Laptop Backpack With USB Charging Port, Water Resistant with College Computer Bag for Men & Women (Dark Grey)",₹699,4.1,50
/Gear-Executive-Anti-Theft-Backpack-BKPPKREXE0101/dp/B097KCMQKG,Gear Parker 23L Water Resistant Anti Theft Laptop Bag/Backpack for Men/Women - Black,₹745,4.3,430
/Fast-Travel-partition-Collage-Backpack/dp/B09VCQWRC4,"Fast Travel 45 Ltrs, 46 cms School Bag Class 5-12 Large 4 partition Laptop Collage Office Travel Backpack Unisex",₹692,4.1,959
/Chic-Buddy-Waterproof-Swimsuits-Toiletries/dp/B0B25B5PB6,"Chic Buddy Waterproof Wet Bag, Washable, Reusable for Travel, Beach, Pool, Stroller, Diapers, Dirty Gym Clothes, Wet Swimsuits, Toiletries",₹299,4.4,386
/Hilfiger-Connor-Backpack-TH-CONNORLAP07/dp/B07N99SXB1,Tommy Hilfiger Connor Laptop Backpack,"₹1,649",4.1,127
/Nivia-5183NB-Gym-Navy-Blue/dp/B07NJGW3WX,NIVIA Beast Gym Bag-4 Polyester/Unisex Gym Bags/Shoulder Bag for Men & Women with Separate Shoes Compartment/Carry Gym Accessories/Fitness Bag/Sports & Travel Bag/Sports Kit (Navy Blue),₹523,3.9,114
/gp/bestsellers/shoes/1983356031/ref=sr_bs_15_1983356031_1,Aliza Women's Tote Bag,₹409,4.0,"8,700"
/Storage-Disposable-Freezer-Feeding-Transparent/dp/B099ZZ57FT,"Luv Lap LuvLap Baby Breast Milk Storage Bags (Pack of 25), BPA Free Disposable Milk Freezer Bags for Breast Feeding, Transparent",₹337,4.4,713
/Martucci-Laptop-Backpack-College-Reflective/dp/B0B7DT6HY3,Martucci Large 35 L Backpack Spacy Unisex/College/School/Travel Backpack with Rain Cover and Reflective Strip,₹746,4.0,"1,223"
/LOOKMUSTER-Waterproof-Backpack-College-Business/dp/B0BS6YGKMC,LOOKMUSTER Casual Waterproof Laptop Backpack/Office Bag/School Bag/College Bag/Business Bag/Travel Backpack…,₹614,3.9,37
/American-Tourister-FS0-11-001/dp/B07S13P8BW,American Tourister Spin 49 cms Teal Laptop Backpack,"₹1,699",4.0,"1,479"
/Hilfiger-Connor-Backpack-TH-CONNORLAP07/dp/B07N99SXB1,Tommy Hilfiger Connor Laptop Backpack,"₹1,649",4.1,127
/gp/bestsellers/shoes/1983356031/ref=sr_bs_5_1983356031_1,Aliza Women's Tote Bag,₹409,4.0,"8,700"
/Dyazo-Resistant-Compatible-laptops-Notebooks/dp/B09BFV96TS,"Dyazo Water Resistant Laptop Sleeve with Handle Compatible for 15 Inch to 15.6"" Inches laptops & Notebooks - Grey",₹299,4.3,"4,379"
/F-Gear-Miles-Guc-Black-Waist-Bag/dp/B08NYGBDB8,F Gear Miles Guc Black Sports Waist Bag (3681),₹529,4.4,433
/ADISA-Laptop-Backpack-Office-College/dp/B0BXQZ6Q85,ADISA Large Laptop Backpack Office Bag College Travel Back Pack with USB (Black),₹599,3.8,85
/Vivinkaa-Womens-Sling-Bag-Blue/dp/B077WSKG53,"Vivinkaa Sling Bag for Women, Bags for Women, Sling Bag, Purse for Women, Sling Bag for Women Stylish, Sling Bag for Girls, Women Sling Bag, Bag for Girls - Indigo",₹549,3.8,"1,967"
/Skybags-Unisex-Grey-Jacqard-Laptop/dp/B09ZV9SLBJ,Skybags Unisex Grey Jacqard 34L Laptop Bags,"₹1,279",4.0,65
/Killer-Liters-Resistance-Polyester-Backpack/dp/B07T982WVJ,"KILLER 38 Ltrs, 18.5 inches Laptop Backpack (400170110047_Black)","₹2,089",4.4,73
/Genie-compartments-Resistant-Lightweight-Travelling/dp/B097JJDZ47,"Genie Bliss Laptop Backpack for Women, 3 compartments, Stylish and Trendy College Bags for Girls, Water Resistant and Lightweight Bags for Office and Travelling Purpose. 36 litres. (19 inch)",₹899,Not rated,M.R.P: 
/Genie-compartments-Resistant-Lightweight-Travelling/dp/B097JJ64SH,"Genie Fringe Laptop Backpack for Women, 3 compartments, Stylish and Trendy College Bags for Girls, Water Resistant and Lightweight Bags for Office and Travelling Purpose. 36 litres","₹1,299",5.0,9
/Gear-Polyester-Laptop-Backpack-LBPECONO10412/dp/B012NW0J30,Gear ECO1 24L Water Resistant Laptop Bag/Backpack/Office Bag for Men/Women- Grey-Black-Yellow,₹845,4.2,"1,467"
/Kuber-Industries-Carrying-Multi-Purpose-CTKTC034726/dp/B083J6774T,Kuber Industries Rexine Jumbo Attachi Travel Blanket Cover|Travel Duffle|Storage Carrying Bag|Travel Multi-Purpose Bag|Size 58 x 48 x 34 CM (Grey) CTKTC034726,₹396,3.7,918
/Amazon-Basics-Messenger-13-3-Inch-14-Inch/dp/B09WMQ4Y7H,"Amazon Basics- Laptop Messenger Bag for 13.3-Inch, 14-Inch, 15.6 -Inch Laptop Bag for Men and Women",₹499,3.7,61
/Meek-Executive-Essential-17-5Inch-Lightweight/dp/B0C7WKWTZJ,"Meek HP Executive Essential Laptop Bag, 17.5Inch Padded Backpack Lightweight Bag - Grey Black",₹999.99,5.0,2
/Gear-Polyester-Laptop-Backpack-LBPECONO10412/dp/B012NW0J30,Gear ECO1 24L Water Resistant Laptop Bag/Backpack/Office Bag for Men/Women- Grey-Black-Yellow,₹845,4.2,"1,467"
/DZert-School-Polyester-Backpack-White/dp/B07GXYHFCY,DZert Clasy Laptop Bag College Bag for Boys Girls 21 L Blue White,₹339,3.8,"2,502"
/HYDER-Gamepad-Waterproof-Backpack-Everyday/dp/B0BR3KK8TR,"HYDER 35L Latest And Trendy Stylish Waterproof College/Casual/School Bag/Backpack For Kids, Boys, Girls, Men And Women | Best Bags For Everyday Use",₹729,4.2,137
/Gear-Ltrs-Casual-Backpack-MDBKPECO50504/dp/B0757K36YV,Gear Moderneco5 21L Water Resistant School Bag/Backpack/College Bag For Men/Women - Navyblue,₹395,3.9,"2,660"
/Cosmus-Polyester-Waterproof-Laptop-Backpack/dp/B07DFH15H2,Cosmus Eden DX Black Polyester Waterproof Large Laptop Backpack for Upto 17 inches Laptop,"₹2,452",4.3,256
/Gear-Bounce-Backpack-Grey-Orange-BKPBOUNCE0604/dp/B097KCLF5F,Gear Bounce 27 Ltrs Water Resistant School Bag/Backpack/College Bag for Men/Women-Grey Orange,₹614,3.6,472
/Meek-Water-Resistant-Laptop-Navy/dp/B0C6964YNC,Meek 35L Water Resistant 15.6 inch Office Laptop Bag for Men & Women with Padded Laptop Compartment Rain Cover & Reflective Strips,₹500,Not rated,M.R.P: 
/MosQuick%C2%AE-Drawstring-Organizing-Stationery-multipurpose/dp/B09SB42QFQ,"MosQuick® Clear large Drawstring Bags Clear Plastic Travel Bags, Travel Garments Organizing Storage Plastic Bags ,Shoe bags , Stationery Bag,multipurpose bag - Translucent",₹310,4.0,69
/DZert-Polyester-Black-White-Backpack/dp/B07GXX2BP3,DZert Clasy Laptop Bag College Bag for Boys Girls 21 L Red Black,₹339,3.8,"2,502"
/uppercase-Backpack-2300EBP1-repellent-sustainable/dp/B0B69M182Q,"uppercase Medium 17 Ltrs Vegan Leather (upto 14 inch) Laptop Backpack 2300EBP1 3x more water resistant sustainable bags with rain proof zippers for Men, Women, Boys and Girls, 750 Days warranty","₹1,600",4.1,509
/Skybags-Unisex-Yellow-Fabric-Backpacks/dp/B0B21XM4KX,Skybags Unisex Gucci Fabric Backpacks,₹584,4.2,274
/FATMUG-Laptop-Bag-Men-Convertible/dp/B084LFS4G1,FATMUG Laptop Bag For Men - Convertible Backpack For Office And Travel (Navy Blue Oxford Fabric),"₹1,599",4.4,"2,185"
/FloMotif-Business-Shoulder-material-resistant/dp/B07NHYLTY7,ZOUK Black Floral Printed Handmade Vegan Leather Women's Office Bag for 15.6 inch Laptop with double handles - FloMotif,"₹1,689",4.3,963
/TRUE-HUMAN-Multi-layer-Anti-Theft-backpack/dp/B0C9DTZPNJ,"TRUE HUMAN® Multi-layer Premium Anti-Theft Pocket backpack With USB charging Port Laptop,office,college,travel bag for men and women (RULER)","₹1,499",Not rated,M.R.P: 
/Skybags-Unisex-Yellow-Fabric-Backpacks/dp/B0B21XM4KX,Skybags Unisex Gucci Fabric Backpacks,₹584,4.2,274
/Jaden-Black-Theft-Waterproof-Backpack/dp/B07B1TFJ7M,FUR JADEN 15.6 Anti Theft Laptop Backpack with USB Charging Port Unisex Bag for College Office Suitable for Men Women,₹749,4.0,"6,164"
/FloMotif-Business-Shoulder-material-resistant/dp/B07NHYLTY7,ZOUK Black Floral Printed Handmade Vegan Leather Women's Office Bag for 15.6 inch Laptop with double handles - FloMotif,"₹1,689",4.3,963
/FATMUG-Laptop-Bag-Men-Convertible/dp/B084LFS4G1,FATMUG Laptop Bag For Men - Convertible Backpack For Office And Travel (Navy Blue Oxford Fabric),"₹1,599",4.4,"2,185"
/Gear-Superior-Casual-Backpack-BKPSPRIOR0001/dp/B08GY2ZN96,Gear Superior 16LWater Resistant School Bag//Backpack/College Bag for Men/Women - Black,₹365,3.9,309
/TRUE-HUMAN-Multi-layer-Anti-Theft-backpack/dp/B0C9DTZPNJ,"TRUE HUMAN® Multi-layer Premium Anti-Theft Pocket backpack With USB charging Port Laptop,office,college,travel bag for men and women (RULER)","₹1,499",Not rated,M.R.P: 
/Step-Backpack-Small-Water-Repellant/dp/B088X9M73T,"Mi Step Out 12 L Mini Backpack (Small Size, Sky Blue, Water Repellant)",₹398,4.1,"9,497"
/F-Gear-Blackhawk-Black-Laptop-Backpack/dp/B07XMRGQCM,F Gear Blackhawk 40 Ltrs Black Laptop Backpack (3178),"₹1,649",4.3,"1,039"
/Cosmus-Casual-Backpack-Charger-College/dp/B09HX54TGF,COSMUS Vogue Casual Laptop Backpack with USB Charger Port 46cm 26 Litre Maroon College Bag,"₹1,409",4.2,"1,413"
/ADISA-Laptop-Backpack-Office-College/dp/B0BVRJYD9Q,ADISA 32L Large Laptop Backpack Office Bag College Travel Back Pack with rain Cover (Navy),₹699,3.7,45
/GoTrippin-Camping-Outdoors-Polyester-Adjustable/dp/B088LHS5LP,"GoTrippin Waist Bags for Men Women- Premium Stitching, Branded Zippers, Waterproof pocket, RFID safe- Large Fanny pack for Hiking Travel Camping Running Sports Outdoors, Money Belt with Adjustable Strap (Polyester,Black)",₹999,4.5,"2,163"
/Lunars-Travel-Laptop-Bag-compartments/dp/B08NHL52MK,"Lunar's Unisex 50L Water Resistant Office/Travel/Business Laptop Backpack, Bag for up to 17.3 inch Laptop/MacBook with rain Cover and 2 Large compartments","₹1,199",4.0,"2,654"
/F-Gear-Blow-Laptop-Backpack/dp/B078J63VRY,"F Gear Blow Laptop Backpack With Rain Cover 32 Liters (Black,Grey) Sch Bag","₹1,299",4.3,"1,290"
/DZert-Polyester-Black-White-Laptop/dp/B07H193V57,DZert Clasy Laptop Bag College Bag for Boys Girls 21 L Black,₹339,3.8,"2,502"
/Fur-Jaden-Leather-Resistant-Backpack/dp/B079KBP4VM,Fur Jaden Brown Backpack Bag for Men of Artificial Leather with Laptop Pocket,"₹1,399",4.0,"1,379"
/NORTH-ZONE-Lightweight-Backpacks-Stylish/dp/B0BL3SDSGZ,NORTH ZONE Lightweight school bags Backpacks for Boys Girls Stylish men and women Casual Travel Laptop Bag College office,₹630,3.9,845
/Polyester-Gym-Bag-Shoulder-Compartment/dp/B0BXB21C4T,Risen style Polyester Duffle/Gym Bag/Shoulder Bag for Men & Women with Separate Shoes Compartment,₹349,Not rated,100+ bought in past month
/F-Gear-Blackhawk-Black-Laptop-Backpack/dp/B07XMRGQCM,F Gear Blackhawk 40 Ltrs Black Laptop Backpack (3178),"₹1,649",4.3,"1,039"
/Cosmus-Casual-Backpack-Charger-College/dp/B09HX54TGF,COSMUS Vogue Casual Laptop Backpack with USB Charger Port 46cm 26 Litre Maroon College Bag,"₹1,409",4.2,"1,413"
/Nivia-5227-Junior-Others-Orange/dp/B08D7QKCX5,Nivia Pulse Junior Bag (Orange),₹294,3.7,224
/Lunars-Travel-Laptop-Bag-compartments/dp/B08NHL52MK,"Lunar's Unisex 50L Water Resistant Office/Travel/Business Laptop Backpack, Bag for up to 17.3 inch Laptop/MacBook with rain Cover and 2 Large compartments","₹1,199",4.0,"2,654"
/DZert-Polyester-Black-White-Laptop/dp/B07H193V57,DZert Clasy Laptop Bag College Bag for Boys Girls 21 L Black,₹339,3.8,"2,502"
/Tabelito-NEXA-Backpack-Business-Compartment/dp/B0C2D4KWQ6,"Tabelito® NEXA 3O L Water Resistant Laptop/College/Office/School/Travel/Business Bag, Unisex Backpack for Men Women Fits Up to 15.6 Inch Laptop Notebook. (GREY)",₹399,4.3,82
/Gear-ltr-Black-Orange-DUFPRO2000106/dp/B00Z93WSVW,Gear polyester 44 cms Duffle Bag(DUFPRO2000106_Black),₹445,4.3,836
/Genie-compartments-Resistant-Lightweight-Travelling/dp/B0C85YB2S3,"Genie Royale Laptop Backpack for Women, 3 compartments, Water Resistant and Lightweight Bags for Office and Travelling Purpose. 36 litres. (19 inch) Black colour",₹899,Not rated,M.R.P: 
/MOKOBARA-Work-Backpack-Resistant-Reflection/dp/B0C9J8JJ6C,"MOKOBARA The Terra Work Backpack Nylon Water Resistant (16"") Laptop | Work | Travel Bag for Men and Women","₹8,999",4.5,2
/American-Tourister-40X-09-009/dp/B00FRCNTUO,American Tourister X-Bag Nylon 65 Cms Travel Duffle Bag (Black),"₹2,099",4.3,394
/Half-Moon-Laptop-Backpack-Polyester/dp/B09CMS3K2S,Half Moon 30L Water Resistant 15.6 inch Laptop Bag/Backpack for Men | School Bag for Boys Girls | Office Bag pack for Men/Office Back Packed for Women with Padded Laptop Compartment,₹599,3.6,75
/American-Tourister-Laptop-Backpack-BLACK/dp/B0C65ZF9SP,American Tourister RON Laptop Backpack 01 BLACK,"₹1,999",Not rated,M.R.P: 
/Harissons-Vervo-Laptop-Backpack-Built/dp/B07M5P5LW3,"HARISSONS Bags Vervo 15.6-inch Laptop/Travel/Casual Backpack for Men and Women with Rain Cover (Black, 40 Ltrs) | Quick Access Zippered Pocket, Detailed Organizers & a Detachable Key Chain Holder","₹2,960",4.3,"2,001"
/PUMA-Limoges-Laptop-Backpack-7548709/dp/B07D5QZ76G,"Puma Laptop Backpack (7548709, Limoges, 22 Ltrs)",₹999,4.3,788
/F-Gear-Blow-Laptop-Backpack-Red/dp/B0749MPCFT,"F Gear Blow Laptop Backpack With Rain Cover 32 Liters (Red,Grey) Sch Bag","₹1,069",4.3,289
/Police-Polyester-Laptop-Spec-Backpack/dp/B07ZB8NWTZ,POLICE Polyester 35 Ltr Laptop Big Low Spec Laptop Backpack - Black/Navy,"₹1,569",3.3,214
/Wooum-Resisitance-Shoulder-Business-Messenger/dp/B0993Q72WD,Wooum Sling Cross Body Bag/One Side Bag/Shoulder Bag/Office Business Messenger Bag/Money Bag for Men and Women - Water Resisitance,₹328,4.0,711
/Gear-DOUBLE-Resistant-Backpack-Navy-Tan/dp/B0BTJ2T26W,Gear DOUBLE DECKER 31L Water Resistant Laptop Bag/Backpack/Office Bag for Men/Women (Navy-Tan),"₹1,295",3.5,17
/DZert-Polyester-Black-White-Laptop/dp/B07H193V57,DZert Clasy Laptop Bag College Bag for Boys Girls 21 L Black,₹339,3.8,"2,502"
/Professional-Organizer-Waterproof-Compartment-Accessories/dp/B0C7VJ1LFG,VIULVUK Professional Large Makeup Kit Organizer for Girls | Waterproof Cosmetic Bags with Big Compartment | Wash Bag & Travel Toiletry Pouch for Women's Skincare Accessories Storage (Grey Flamingo),₹169,4.0,2
/Harissons-Backpack-Abrassion-Integrated-backstaps/dp/B07P6CNKHV,HARISSONS Delta 39L Laptop Backpack (Navy Blue) for Office & Travel Purpose | School Bag for Children with a Multi-Purpose Handy Pouch and Dedicated Laptop Cradle (15.6 inch) | Water-Resistant,"₹2,099",4.2,"1,724"
/F-Gear-Enzo-Waist-Bag-Enzo-Spruce-Yellow/dp/B08QM71P12,F Gear Enzo Sports Waist Bag (Enzo Spruce Yellow),₹265,4.2,204
/TYPIFY%C2%AE-Quality-Backpack-Designer-Spacious/dp/B082SZV6F1,"TYPIFY® Preppy Korean Ribbon Women Backpack College Bag, latest Girls. Gift for Her",₹899,4.1,789
/LuvLap-Travel-Multifunctional-Waterproof-Bag-Backpack/dp/B07W6Z8XKB,LuvLap Lily Travel Multifunctional Waterproof Diaper Bag-Backpack Cum Tote Bag (Black),"₹1,135",4.4,944
/Safari-Overnighter-Resistant-Travelling-All-Purpose/dp/B097JM98M1,"Safari Seek 32 Ltrs Overnighter Travel Laptop Backpack (Blue), Water Resistant Spacious Bag for Travelling and Camping, All-Purpose Bag for Business & Leisure","₹2,299",4.3,164
/Attractive-lasting-Drawstring-Polyester-Backpack/dp/B0B4G9XT67,18 L Attractive long lasting Printed Drawstring Polyester Multi Utility Bag for Sports/Gym/College/Yoga/Casual Backpack – Light Weight (Washable/Durability),₹199,3.8,12
/ASIAN-Sling-Bag-women-Handmade/dp/B09SXRZ7FW,ASIAN Sling Bag for Women - Handmade Bags for Females - Jute and Indian Fabric Slings - Side Bags for Mobile Phones and Wallets (Black),Price not available,3.5,104
/Half-Moon-Laptop-Backpack-Polyester/dp/B09CMS3K2S,Half Moon 30L Water Resistant 15.6 inch Laptop Bag/Backpack for Men | School Bag for Boys Girls | Office Bag pack for Men/Office Back Packed for Women with Padded Laptop Compartment,₹599,3.6,75
/ZAmaizoomTM-Waterproof-Backpack-Business-Backpack-Free/dp/B08MDDV2VM,"ZAmaizoom Unisex Casual Waterproof Small Size Single Compartment Outdoor Mini Backpack For Gym, College, Drawing Class, Short Tour, Office Tiffin and So Many Purpose (12-15 L, SEA GREEN, SGP2 Model)",₹249,3.8,"1,093"
/COSMUS-Polyester-Navy-Laptop-Backpack/dp/B01FVQLLU0,COSMUS Darwin Navy Blue Laptop Backpack for (15.6 inch),"₹1,333",4.3,"10,026"
/MOKOBARA-THABF12CSC22001-Briefcase-Surf-Camp/dp/B08SWM8XVW,"MOKOBARA The Briefcase - 15.6"" Blue Laptop Messenger Bag for Men & Women","₹5,499",4.5,320
/F-Gear-Circadian-Guc-Black-Casual-Backpack/dp/B084THQXCD,F Gear Circadian Guc Black 27 Ltrs Casual Backpack (3330),₹889,4.2,727
/MOKOBARA-THABF12CSC22001-Briefcase-Surf-Camp/dp/B08SWM8XVW,"MOKOBARA The Briefcase - 15.6"" Blue Laptop Messenger Bag for Men & Women","₹5,499",4.5,320
/Half-Moon-Waterproof-Backpack-Students/dp/B0BR149RMT,Half Moon 35 L Casual Waterproof Laptop Bag/Backpack for Men Women Boys Girls/Office School College Teens & Students with Rain Cover (18 Inch) (Sky Blue),₹699,3.6,88
/Murano-Casual-daybackpack-Office-College/dp/B0BX9FLPNX,Murano Louis 10ltr Casual daybackpack/Office & Travel Bag/School Bag/College Bag/Men/Women/Girl/Boy (Orange),₹168,3.2,40
/Half-Moon-Resistant-Laptop-Backpack/dp/B09842K4RQ,"Half Moon 35L Water Resistant 15.6 inch Laptop Bag for Men/Backpack for Men, Black | Office Bag for Men/Office Bag for Women with Padded Laptop Compartment | Rain Cover & Reflective Strips",₹699,3.9,340
/Mokobara-Backpack-Leather-Resistant-Laptop/dp/B0B7X8BYQJ,"MOKOBARA The Work Backpack 15.6"" Inch Laptop | Travel Backpack For Men And Women","₹7,499",4.6,86
/F-Gear-Raider-Marpat-Navy-Backpack/dp/B07F1157TV,F Gear Raider 30 Liter Backpack with Rain Cover (.Marpat Navy Digital Camo),"₹1,199",4.2,"3,017"
/Genie-compartments-Resistant-Lightweight-Travelling/dp/B097JJGDW5,"Genie Sweet Laptop Backpack for Women, 3 compartments, Stylish and Trendy College Bags for Girls, Water Resistant and Lightweight Bags for Office and Travelling Purpose. 36 litres","₹1,299",Not rated,M.R.P: 
/Shoulder-Lightweight-Duffle-Weekend-Blue-Orange/dp/B09139DYF1,"Aurion Vista Polyester Sports Gym Duffle Bag with Wet Pocket and Shoe Compartment - 1Pc (Blue, 24 Cms) | Lightweight Duffle Bags | Travel Duffel Backpack for Men and Women | Camping | Swimming | Yoga",₹349,4.0,"1,088"
/COSMUS-Polyester-Fabric-Black-Messenger/dp/B078JW3TWY,COSMUS Men's Sling Bag (Red & Black),₹563,4.3,"1,051"
/Lenovo-Laptop-Everyday-Backpack-Black/dp/B07GM5NR14,Lenovo Everyday Laptop Backpack B515 15.6-inch Water Repellent Black,"₹1,499",4.1,"3,711"
/gp/bestsellers/shoes/1983354031/ref=sr_bs_11_1983354031_1,Lavie Women's Ushawu Satchel Bag | Ladies Purse Handbag,"₹1,249",4.1,"6,847"
/SKYBAGS-Unisex-Luggage-Duffel-Bag-DFHUS55ONG/dp/B07F342RQD,"Skybags Unisex Polyester Solid Pattern Hustle Df 55 (Orange, Small)","₹1,585",4.3,318
/Skybags-Unisex-Adjustable-Polyester-Backpack/dp/B0BJ74KLLY,Skybags Kick Unisex Adjustable Strap Polyester Laptop Backpack,"₹1,576",4.0,53
/CLOWNFISH-Critters-Polyester-Staionery-Black-Galaxy/dp/B0BVJ526VS,THE CLOWNFISH Cosmic Critters Series Printed Polyester 15 Litres Kids Backpack Unisex School Bag with Free Pencil Staionery Pouch Daypack Casual Backpack Picnic Bag for tiny tots boys & girls,₹799,4.4,195
/Zipline-Foldable-Waterproof-Backpacks-Cover/dp/B07TR5WHMX,Zipline Rain & Dust Nylon Foldable Waterproof Cover with Pouch Laptop Bags and Backpacks Bag Cover  (Black),₹233,3.5,177
/SKYBAGS-Unisex-Luggage-Duffel-Bag-DFHUS55ONG/dp/B07F342RQD,"Skybags Unisex Polyester Solid Pattern Hustle Df 55 (Orange, Small)","₹1,585",4.3,318
/Skybags-Unisex-Adjustable-Polyester-Backpack/dp/B0BJ74KLLY,Skybags Kick Unisex Adjustable Strap Polyester Laptop Backpack,"₹1,576",4.0,53
/CLOWNFISH-Critters-Polyester-Staionery-Black-Galaxy/dp/B0BVJ526VS,THE CLOWNFISH Cosmic Critters Series Printed Polyester 15 Litres Kids Backpack Unisex School Bag with Free Pencil Staionery Pouch Daypack Casual Backpack Picnic Bag for tiny tots boys & girls,₹799,4.4,195
/Zipline-Foldable-Waterproof-Backpacks-Cover/dp/B07TR5WHMX,Zipline Rain & Dust Nylon Foldable Waterproof Cover with Pouch Laptop Bags and Backpacks Bag Cover  (Black),₹233,3.5,177
/SATELLITE-Black-Casual-Backpack-Bagpack/dp/B083DZVFZM,satellite backpacks for men women backpack bags school bag boys under 35 ltr litres casual bagpack black,₹516,3.9,367
/HAMMONDS-FLYCATCHER-Genuine-Shoulder-Messenger/dp/B07P2TQH78,"HAMMONDS FLYCATCHER Genuine Leather Laptop Bag for Men - Office Bag, Brown Color - Fits Up to 14/15.6/16 Inch Laptop/MacBook - Laptop Messenger Bags/Leather Bag for Men with Adjustable Shoulder Strap","₹2,623",4.3,"4,916"
/uppercase-Backpack-1800EBP2-resistant-sustainable/dp/B0BQYJ8WP5,"uppercase Laptop Backpack Printed Compact 3x more water repellent sustainable bags with rain proof zippers for Men, Women, Boys & Girls, 750 Days warranty (Blue)","₹1,350",4.1,101
/Gear-Workspace-Briefcase-Black-Red-BKPWRPHYD0101/dp/B097KGL2M5,Gear Workspace 18L Water Resistant Laptop Bag/Backpack/Office Bag for Men/Women-Black,₹920,4.2,336
/Adjustable-Compartment-Lightweight-Water-Resistant-Travel-Friendly/dp/B0C3RDFPVN,"Amazon Basics Laptop Messenger Bag with Adjustable Shoulder Strap, Padded Compartment & Storage Pockets, Lightweight, Water-Resistant, Travel-Friendly, Fits Up To 15.6"" Laptops (Unisex, Black & Grey)",₹799,4.7,988
/Ultrafit-15-6-inch-Backpacks-Travelling-Backpack-Black/dp/B082Y7TZ8Z,"Red Lemon Titan Ultrafit Plus Bange Series 15.6-inch Laptop Bags Backpacks for Men and Women55L Outdoor and Camping 3in1 Office Bags,Travelling,Backpack","₹3,999",4.4,468
/TRAVALATE-Backpack-Charging-Collage-Business/dp/B0BLK8CF12,"TRAVALATE Laptop Backpack with USB Charging Port for Travel, Office, Collage, Business Bag, Gift for Men and Women",₹798,3.6,58
/GreenLands-SG-Backpack-QUAD-L-Grey/dp/B08ML7RWG6,"GREENLANDS 42 Litres Quad Backpack/Bag with Rain Cover for Travel, Upto 17” Laptop, School/College and Work Lightweight and Stylish Bag Men and Women- Light Grey","₹1,742",3.8,98
/American-Tourister-FJ9-01-002/dp/B07N19CXKM,American Tourister Ohio Polyester 65 Cms Wheel Travel Duffle Bag (Blue),"₹1,999",4.2,"1,269"
/Fast-Travel-partition-Collage-Backpack/dp/B0BM7C4HG3,Fast Travel Use For School Bag Class 6-10 Large 4 partition 55 L Laptop Collage Office Travel Backpack Unisex,₹595,4.0,29
/Tabelito-NEO-Backpack-Business-Compartment/dp/B0C2D24G29,"Tabelito® NEO 3O L Water Resistant Laptop/College/Office/School/Travel/Business Bag, Unisex Backpack for Men Women Fits Up to 15.6 Inch Laptop Notebook.",₹399,3.9,114
/POLESTAR-Casual-bagpack-School-Backpack/dp/B07PQQ8M7B,"POLESTAR Noble 32 L Bag for College, School, Office, Casual Multipurpose Backpack with 15.6"" Laptop Compartment, Water Resistant, Unisex Design, Stylish & Durable, 1 Year Warranty",₹579,3.9,"17,698"
/GreenLands-SG-Backpack-QUAD-L-Grey/dp/B08ML7RWG6,"GREENLANDS 42 Litres Quad Backpack/Bag with Rain Cover for Travel, Upto 17” Laptop, School/College and Work Lightweight and Stylish Bag Men and Women- Light Grey","₹1,742",3.8,98
/Wildcraft-Typo_Blk-Casual-Backpack-11619-Typo_Blk/dp/B079MBFH5V,Wildcraft 35 ltrs (19 Cms) Casual Backpack(11619-Typo_Blk_Black),"₹1,394",4.1,398
/Fast-Travel-partition-Collage-Backpack/dp/B0BM7C4HG3,Fast Travel Use For School Bag Class 6-10 Large 4 partition 55 L Laptop Collage Office Travel Backpack Unisex,₹595,4.0,29
/POLESTAR-backpack-Backpack-College-Students/dp/B08X2KRL8B,"POLESTAR Leader 34 L Bag for College, School, Office, Casual Multipurpose Backpack with 15.6"" Laptop Compartment, Water Resistant, Unisex Design, Stylish & Durable, 1 Year Warranty",₹599,4.1,"3,519"
/Tabelito-NEO-Backpack-Business-Compartment/dp/B0C2D24G29,"Tabelito® NEO 3O L Water Resistant Laptop/College/Office/School/Travel/Business Bag, Unisex Backpack for Men Women Fits Up to 15.6 Inch Laptop Notebook.",₹399,3.9,114
/Glowic-Hopping-Shoulder-Handbags-WBAG-34/dp/B09HHNZ47K,"Glowic Hopping Grocery, Travel, Beach | Shoulder Handbags Women, College Bags for Girls Stylish Trendy(WBAG-34) (Multi Colour)",₹459,3.7,432
/uppercase-Professional-Backpack-resistant-sustainable/dp/B0BWNBQXDZ,"uppercase Apex Professional Laptop Backpack (15.6 Inch) 3x more water resistant sustainable bags with rain proof zippers for Men, Women, Boys and Girls, 750 Days warranty","₹1,800",4.3,69
/Aristocrat-Zeal-Unisex-Grey-Laptop/dp/B0B5YHC1W5,Aristrocrat Unisex Laptop Bag Grey One Size,₹799,4.3,29
/Fur-Jaden-Rucksack-Backpack-BM43_Blue/dp/B07PS38XSP,Fur Jaden Hiking Camping Rucksack Casual 10 Ltrs Blue Casual Backpack,₹239,3.6,"7,911"
/Tommy-Hilfiger-Elegant-Polyester-Backpack/dp/B0BJ6SCMNH,Tommy Hilfiger Elegant Unisex Polyester 15 Inch Laptop Backpack Red+White+Blue,"₹2,219",5.0,4
/ADISA-SL5038-women-girls-sling/dp/B08Q4FHQLN,ADISA SL5038 women girls sling bag,₹564,4.1,"1,197"
/American-Tourister-FJ9-01-002/dp/B07N19CXKM,American Tourister Ohio Polyester 65 Cms Wheel Travel Duffle Bag (Blue),"₹1,999",4.2,"1,269"
/Gizga-Essentials-Organizer-Multi-Utility-Cosmetics/dp/B09WVRKYCJ,"Gizga Essentials Travel Toiletry Kit Bag for Men & Women, Travel Organizer Case with Handle & Hook, Premium Zipper, Multiple Pockets, Multi-Utility Pouch for Shaving Makeup Cosmetics, Light Grey",₹349,4.2,164
/Harddo%C2%AE-Polyester-Cover-School-Backpacks/dp/B08D8BS5R4,Harddo® 100% Dust Proof & Waterproof Rain Cover for Backpack Bags with Pouch - 30L-40L | Clip Lock Mechanism,₹375,4.0,70
/Skybags-Unisex-Adjustable-Polyester-Backpack/dp/B0BJ763F7Y,Skybags Kick Unisex Adjustable Strap Polyester Laptop Backpack,"₹1,576",4.0,53
/POLESTAR-Casual-bagpack-School-Backpack/dp/B07PQQ8M7B,"POLESTAR Noble 32 L Bag for College, School, Office, Casual Multipurpose Backpack with 15.6"" Laptop Compartment, Water Resistant, Unisex Design, Stylish & Durable, 1 Year Warranty",₹579,3.9,"17,698"
/uppercase-Backpack-1800EBP1-resistant-sustainable/dp/B0B9T4YDPX,"uppercase Laptop Backpack Printed Compact 3x more water repellent sustainable bags with rain proof zippers for Men, Women, Boys & Girls(Pink)","₹1,200",4.3,33
/bg1905-Capacity-Laptop-Travelling-Backpack/dp/B082MKHDJ1,TSPARK Red Lemon bg1905 15.6 inch 35 LTR Capacity Laptop Bag for Men Travelling Hiking Backpack for Men and Women,"₹2,949",4.2,93
